Date,Sender Name,Amount,Memo,Transaction ID
2025-01-03,Aly,1000,Ali-Trip,TXN1001
2025-01-03,M Ahmed,1000,,TXN1002
2025-01-04,USMAN,1000,Aug fee,TXN1003
2025-01-04,Hassan,1000,Trip 😊,TXN1004
2025-01-05,Bilal,1000,Trip Payment,TXN1005
2025-01-05,BILAL,1000,Trip Payment,TXN1006
2025-01-05,saad,1000,,TXN1007
2025-01-06,HamZa,1000,HAMZA,TXN1008
2025-01-06,Areeb,1000,Trip 😊,TXN1009
2025-01-07,Danish,1000,Danish | Payment,TXN1010
2025-01-07,Farhan,1000,Farhan/Trip,TXN1011
2025-01-08,zain,1000,,TXN1012
2025-01-08,Osman K,1000,trip fee,TXN1013
2025-01-09,Talha,1000,Trip-Payment,TXN1014
2025-01-09,Kashif,500,partial payment,TXN1015
2025-01-10,Waleed,1200,extra added,TXN1016
2025-01-10,FAHAD,1000,,TXN1017
2025-01-11,Imran,1000,Trip,TXN1018
2025-01-11,Noman,1000,Trip payment,TXN1019
2025-01-12,Asad,1000,Asad-Trip,TXN1020
2025-01-12,Zubair Khan,1000,Trip?,TXN1021
